-- ============================================================
-- 新能源汽车连锁充电站管理平台 测试数据
-- MySQL 8.0
-- ============================================================

USE evcsmp;

SET FOREIGN_KEY_CHECKS = 0;

-- 清空所有表数据（按子表优先）
TRUNCATE TABLE `chat_message`;
TRUNCATE TABLE `message`;
TRUNCATE TABLE `announcement`;
TRUNCATE TABLE `feedback`;
TRUNCATE TABLE `order_review`;
TRUNCATE TABLE `recharge_order`;
TRUNCATE TABLE `charging_order`;
TRUNCATE TABLE `gun`;
TRUNCATE TABLE `billing_rule`;
TRUNCATE TABLE `charger`;
TRUNCATE TABLE `station`;
TRUNCATE TABLE `user`;
TRUNCATE TABLE `admin`;

-- ------------------------------------------------------------
-- 1. 管理员表 (10条)
-- 密码统一为 Admin@123 的 bcrypt 哈希占位，实际部署时替换
-- ------------------------------------------------------------
INSERT INTO `admin` (`username`, `password`, `name`, `phone`, `status`) VALUES
('admin',    '$2a$10$hash_admin',    '系统管理员', '13800000001', 1),
('zhangwei', '$2a$10$hash_zhangwei', '张伟',       '13800000002', 1),
('lina',     '$2a$10$hash_lina',     '李娜',       '13800000003', 1),
('wangfang', '$2a$10$hash_wangfang', '王芳',       '13800000004', 1),
('zhaolei',  '$2a$10$hash_zhaolei',  '赵磊',       '13800000005', 1),
('chenxia',  '$2a$10$hash_chenxia',  '陈霞',       '13800000006', 1),
('liuyang',  '$2a$10$hash_liuyang',  '刘洋',       '13800000007', 0),
('sunmin',   '$2a$10$hash_sunmin',   '孙敏',       '13800000008', 1),
('zhouqiang','$2a$10$hash_zhouqiang','周强',       '13800000009', 1),
('wuxia',    '$2a$10$hash_wuxia',    '吴霞',       '13800000010', 1);

-- ------------------------------------------------------------
-- 2. 用户表 (12条)
-- 密码统一为 User@123 的 bcrypt 哈希占位
-- ------------------------------------------------------------
INSERT INTO `user` (`username`, `phone`, `nickname`, `avatar`, `balance`, `password`, `status`) VALUES
('user001', '15100000001', '电动小王子', 'https://cdn.example.com/avatar/1.jpg', 256.50, '$2a$10$hash_user001', 1),
('user002', '15100000002', '绿色出行',   'https://cdn.example.com/avatar/2.jpg', 100.00, '$2a$10$hash_user002', 1),
('user003', '15100000003', '充电达人',   'https://cdn.example.com/avatar/3.jpg',  50.00, '$2a$10$hash_user003', 1),
('user004', '15100000004', '新能源车主', 'https://cdn.example.com/avatar/4.jpg', 320.00, '$2a$10$hash_user004', 1),
('user005', '15100000005', '快充爱好者', 'https://cdn.example.com/avatar/5.jpg',   0.00, '$2a$10$hash_user005', 1),
('user006', '15100000006', '环保先锋',   'https://cdn.example.com/avatar/6.jpg', 180.00, '$2a$10$hash_user006', 1),
('user007', '15100000007', '特斯拉车主', 'https://cdn.example.com/avatar/7.jpg',  75.00, '$2a$10$hash_user007', 1),
('user008', '15100000008', '比亚迪用户', 'https://cdn.example.com/avatar/8.jpg', 500.00, '$2a$10$hash_user008', 1),
('user009', '15100000009', '蔚来车主',   'https://cdn.example.com/avatar/9.jpg',  20.00, '$2a$10$hash_user009', 1),
('user010', '15100000010', '小鹏用户',   'https://cdn.example.com/avatar/10.jpg',  0.00, '$2a$10$hash_user010', 0),
('user011', '15100000011', '理想车主',   'https://cdn.example.com/avatar/11.jpg', 88.00, '$2a$10$hash_user011', 1),
('user012', '15100000012', '极氪用户',   'https://cdn.example.com/avatar/12.jpg', 150.00,'$2a$10$hash_user012', 1);

-- ------------------------------------------------------------
-- 3. 充电站网点表 (10条)
-- ------------------------------------------------------------
INSERT INTO `station` (`name`, `address`, `longitude`, `latitude`, `phone`, `open_time`, `close_time`, `photos`, `status`) VALUES
('武汉光谷充电站',   '湖北省武汉市东湖高新区光谷大道88号',    114.4100, 30.5000, '027-88001001', '06:00:00', '23:00:00', '["https://cdn.example.com/station/1_1.jpg"]', 1),
('武汉汉口充电站',   '湖北省武汉市江汉区解放大道188号',        114.2700, 30.6000, '027-88001002', '00:00:00', '00:00:00', '["https://cdn.example.com/station/2_1.jpg"]', 1),
('武汉武昌充电站',   '湖北省武汉市武昌区中山路99号',           114.3200, 30.5500, '027-88001003', '07:00:00', '22:00:00', '["https://cdn.example.com/station/3_1.jpg"]', 1),
('武汉洪山充电站',   '湖北省武汉市洪山区珞喻路456号',          114.3600, 30.5100, '027-88001004', '06:00:00', '23:00:00', '["https://cdn.example.com/station/4_1.jpg"]', 1),
('武汉青山充电站',   '湖北省武汉市青山区工业大道321号',        114.4300, 30.6200, '027-88001005', '08:00:00', '21:00:00', '["https://cdn.example.com/station/5_1.jpg"]', 1),
('武汉蔡甸充电站',   '湖北省武汉市蔡甸区蔡甸大街66号',         114.0300, 30.5800, '027-88001006', '07:00:00', '22:00:00', '["https://cdn.example.com/station/6_1.jpg"]', 0),
('武汉新洲充电站',   '湖北省武汉市新洲区阳逻大道12号',         114.8000, 30.8400, '027-88001007', '08:00:00', '20:00:00', '["https://cdn.example.com/station/7_1.jpg"]', 1),
('武汉江夏充电站',   '湖北省武汉市江夏区纸坊大街88号',         114.3100, 30.3700, '027-88001008', '06:00:00', '23:00:00', '["https://cdn.example.com/station/8_1.jpg"]', 1),
('武汉东西湖充电站', '湖北省武汉市东西湖区金银湖路200号',      114.1300, 30.6200, '027-88001009', '00:00:00', '00:00:00', '["https://cdn.example.com/station/9_1.jpg"]', 1),
('武汉汉南充电站',   '湖北省武汉市汉南区纱帽大街55号',         114.0800, 30.3100, '027-88001010', '08:00:00', '21:00:00', '["https://cdn.example.com/station/10_1.jpg"]',0);

-- ------------------------------------------------------------
-- 4. 充电桩表 (12条，分布在各网点)
-- ------------------------------------------------------------
INSERT INTO `charger` (`station_id`, `device_no`, `type`, `manufacturer`, `install_date`, `status`) VALUES
(1, 'GG-FC-001', 1, '特来电', '2023-03-15', 1),
(1, 'GG-FC-002', 1, '特来电', '2023-03-15', 1),
(1, 'GG-SC-001', 0, '星星充电', '2023-03-20', 1),
(2, 'HK-FC-001', 1, '国家电网', '2022-11-10', 1),
(2, 'HK-SC-001', 0, '国家电网', '2022-11-10', 2),
(3, 'WC-FC-001', 1, '特来电', '2023-06-01', 1),
(3, 'WC-SC-001', 0, '星星充电', '2023-06-05', 0),
(4, 'HS-FC-001', 1, '云快充',  '2023-08-20', 1),
(4, 'HS-FC-002', 1, '云快充',  '2023-08-20', 1),
(5, 'QS-FC-001', 1, '特来电', '2022-09-01', 1),
(7, 'XZ-SC-001', 0, '星星充电', '2024-01-10', 1),
(8, 'JX-FC-001', 1, '国家电网', '2024-03-05', 1);

-- ------------------------------------------------------------
-- 5. 计费标准表 (12条，每桩一条)
-- ------------------------------------------------------------
INSERT INTO `billing_rule` (`charger_id`, `price_per_kwh`, `service_fee`, `free_minutes`, `remark`) VALUES
(1,  1.20, 0.30, 0,  '光谷快充标准费率'),
(2,  1.20, 0.30, 0,  '光谷快充标准费率'),
(3,  0.85, 0.10, 10, '光谷慢充优惠费率，赠10分钟'),
(4,  1.30, 0.35, 0,  '汉口快充费率'),
(5,  0.80, 0.10, 0,  '汉口慢充费率'),
(6,  1.25, 0.30, 0,  '武昌快充费率'),
(7,  0.82, 0.10, 5,  '武昌慢充费率'),
(8,  1.15, 0.25, 0,  '洪山快充费率'),
(9,  1.15, 0.25, 0,  '洪山快充费率'),
(10, 1.20, 0.30, 0,  '青山快充费率'),
(11, 0.78, 0.08, 15, '新洲慢充优惠，赠15分钟'),
(12, 1.18, 0.28, 0,  '江夏快充费率');

-- ------------------------------------------------------------
-- 6. 充电枪表 (16条)
-- ------------------------------------------------------------
INSERT INTO `gun` (`charger_id`, `gun_no`, `status`) VALUES
(1,  'A', 1),
(1,  'B', 0),
(2,  'A', 0),
(2,  'B', 2),
(3,  'A', 0),
(3,  'B', 0),
(4,  'A', 1),
(4,  'B', 0),
(5,  'A', 0),
(6,  'A', 0),
(7,  'A', 2),
(8,  'A', 0),
(9,  'A', 1),
(10, 'A', 0),
(11, 'A', 0),
(12, 'A', 0);

-- ------------------------------------------------------------
-- 7. 充电订单表 (12条)
-- ------------------------------------------------------------
INSERT INTO `charging_order` (`order_no`, `user_id`, `station_id`, `charger_id`, `gun_id`, `price_per_kwh`, `service_fee`, `start_time`, `end_time`, `duration`, `electricity`, `amount`, `pay_type`, `status`, `refund_reason`, `created_at`, `paid_at`) VALUES
('CO20240301001', 1, 1, 1, 1, 1.20, 0.30, '2024-03-01 08:10:00', '2024-03-01 09:05:00', 3300, 22.500, 33.75, 0, 2, NULL,       '2024-03-01 08:10:00', '2024-03-01 09:06:00'),
('CO20240302001', 2, 2, 4, 7, 1.30, 0.35, '2024-03-02 14:00:00', '2024-03-02 14:45:00', 2700, 18.200, 29.93, 1, 2, NULL,       '2024-03-02 14:00:00', '2024-03-02 14:46:00'),
('CO20240303001', 3, 3, 6, 10,1.25, 0.30, '2024-03-03 10:30:00', '2024-03-03 11:20:00', 3000, 20.000, 31.00, 0, 2, NULL,       '2024-03-03 10:30:00', '2024-03-03 11:21:00'),
('CO20240305001', 4, 1, 2, 3, 1.20, 0.30, '2024-03-05 07:00:00', '2024-03-05 08:30:00', 5400, 36.000, 54.00, 2, 2, NULL,       '2024-03-05 07:00:00', '2024-03-05 08:31:00'),
('CO20240306001', 5, 4, 8, 12,1.15, 0.25, '2024-03-06 18:00:00', '2024-03-06 18:40:00', 2400, 15.500, 21.70, 0, 3, NULL,       '2024-03-06 18:00:00', NULL),
('CO20240307001', 6, 1, 1, 2, 1.20, 0.30, '2024-03-07 09:00:00', '2024-03-07 09:50:00', 3000, 19.800, 29.70, 1, 2, NULL,       '2024-03-07 09:00:00', '2024-03-07 09:51:00'),
('CO20240308001', 7, 5, 10,14,1.20, 0.30, '2024-03-08 11:00:00', '2024-03-08 11:55:00', 3300, 22.000, 33.00, 0, 2, NULL,       '2024-03-08 11:00:00', '2024-03-08 11:56:00'),
('CO20240310001', 8, 2, 4, 8, 1.30, 0.35, '2024-03-10 16:30:00', '2024-03-10 17:10:00', 2400, 16.000, 26.40, 0, 4, '设备故障导致充电中断', '2024-03-10 16:30:00', NULL),
('CO20240312001', 9, 3, 6, 10,1.25, 0.30, '2024-03-12 08:00:00', NULL,                  NULL,  NULL,   NULL,  NULL,0, NULL,       '2024-03-12 08:00:00', NULL),
('CO20240315001',10, 7, 11,15,0.78,0.08, '2024-03-15 13:00:00', '2024-03-15 15:00:00', 7200, 12.000,  10.32,1, 2, NULL,       '2024-03-15 13:00:00', '2024-03-15 15:01:00'),
('CO20240318001',11, 8, 12,16,1.18,0.28, '2024-03-18 20:00:00', '2024-03-18 20:50:00', 3000, 20.500, 29.93, 0, 1, NULL,       '2024-03-18 20:00:00', NULL),
('CO20240320001',12, 4, 9, 13,1.15, 0.25, '2024-03-20 07:30:00', '2024-03-20 08:20:00', 3000, 19.200, 27.36, 2, 5, '充电桩故障，未正常充电', '2024-03-20 07:30:00', '2024-03-20 08:21:00');

-- ------------------------------------------------------------
-- 8. 充值订单表 (10条)
-- ------------------------------------------------------------
INSERT INTO `recharge_order` (`order_no`, `user_id`, `amount`, `gift`, `pay_type`, `status`, `created_at`, `paid_at`) VALUES
('RC20240201001', 1,  100.00, 10.00, 1, 1, '2024-02-01 10:00:00', '2024-02-01 10:01:00'),
('RC20240210001', 2,   50.00,  0.00, 2, 1, '2024-02-10 14:30:00', '2024-02-10 14:31:00'),
('RC20240215001', 3,   20.00,  0.00, 1, 1, '2024-02-15 09:00:00', '2024-02-15 09:01:00'),
('RC20240220001', 4,  200.00, 20.00, 2, 1, '2024-02-20 18:00:00', '2024-02-20 18:01:00'),
('RC20240225001', 6,  100.00, 10.00, 1, 1, '2024-02-25 11:00:00', '2024-02-25 11:01:00'),
('RC20240301001', 7,   50.00,  0.00, 2, 1, '2024-03-01 07:50:00', '2024-03-01 07:51:00'),
('RC20240305001', 8,  200.00, 20.00, 1, 1, '2024-03-05 06:55:00', '2024-03-05 06:56:00'),
('RC20240310001', 11,  50.00,  0.00, 2, 1, '2024-03-10 12:00:00', '2024-03-10 12:01:00'),
('RC20240318001', 12, 100.00, 10.00, 1, 1, '2024-03-18 19:55:00', '2024-03-18 19:56:00'),
('RC20240320001', 5,   10.00,  0.00, 2, 0, '2024-03-20 10:00:00', NULL);

-- ------------------------------------------------------------
-- 9. 订单评价表 (10条，对应已完成的充电订单)
-- ------------------------------------------------------------
INSERT INTO `order_review` (`order_id`, `user_id`, `station_id`, `score`, `content`, `images`, `is_deleted`) VALUES
(1,  1, 1, 5, '充电速度很快，设备干净整洁，下次还来！',          '["https://cdn.example.com/review/1.jpg"]', 0),
(2,  2, 2, 4, '位置方便，充电桩数量够用，价格合理。',             NULL, 0),
(3,  3, 3, 3, '充电速度一般，停车位有点少。',                     NULL, 0),
(4,  4, 1, 5, '光谷站非常棒，快充效率高，强烈推荐！',            '["https://cdn.example.com/review/4.jpg"]', 0),
(6,  6, 1, 4, '设备运行稳定，服务不错。',                         NULL, 0),
(7,  7, 5, 5, '青山站环境好，充电方便，满意！',                   '["https://cdn.example.com/review/7.jpg"]', 0),
(10,10, 7, 4, '新洲站慢充价格实惠，适合长时间停车充电。',         NULL, 0),
(1,  1, 1, 5, '第二次来了，依然很好用。',                         NULL, 1),
(2,  2, 2, 2, '这次体验一般，希望增加更多快充桩。',               NULL, 0),
(4,  4, 1, 5, '光谷站是我最常用的，服务一流。',                   '["https://cdn.example.com/review/10.jpg"]',0);

-- ------------------------------------------------------------
-- 10. 故障反馈表 (10条)
-- ------------------------------------------------------------
INSERT INTO `feedback` (`feedback_no`, `user_id`, `type`, `content`, `images`, `station_id`, `charger_id`, `contact`, `status`, `handler_id`, `reply`, `created_at`, `handled_at`) VALUES
('FB20240301001', 5,  1, '充电桩GG-FC-001的A枪无法正常启动，扫码后一直提示连接失败。', '["https://cdn.example.com/fb/1.jpg"]', 1, 1,  '15100000005', 2, 2, '已检查设备，重启后恢复正常，感谢反馈。',       '2024-03-01 10:00:00', '2024-03-01 14:00:00'),
('FB20240303001', 3,  0, '武昌充电站停车场灯光昏暗，夜间使用不安全，建议增加照明。',   NULL,                                    3, NULL,'15100000003', 2, 3, '已联系网点负责人，将于近期完成照明改造。',     '2024-03-03 20:00:00', '2024-03-05 09:00:00'),
('FB20240306001', 9,  1, '洪山站HS-FC-002的A枪充电中途断电，费用已扣但未充满。',       '["https://cdn.example.com/fb/3.jpg"]', 4, 9,  '15100000009', 1, 4, '正在核查设备日志，请耐心等待。',               '2024-03-06 19:00:00', NULL),
('FB20240308001', 8,  4, '退款申请提交后一直没有处理，等了3天了。',                     NULL,                                    NULL,NULL,NULL,         0, NULL,NULL,                                           '2024-03-08 11:00:00', NULL),
('FB20240310001', 2,  2, '小程序订单页面加载很慢，有时候直接白屏。',                    NULL,                                    NULL,NULL,'15100000002', 2, 1, '已排查后端接口，已优化查询性能，请更新版本。', '2024-03-10 09:00:00', '2024-03-11 10:00:00'),
('FB20240312001', 6,  1, '汉口站HK-SC-001慢充桩长期显示维护中，已超过一周。',          '["https://cdn.example.com/fb/6.jpg"]', 2, 5,  '15100000006', 2, 2, '该设备已完成维修，现已恢复正常使用。',         '2024-03-12 15:00:00', '2024-03-14 08:00:00'),
('FB20240315001', 11, 3, '充电完成后费用计算有误，实际充了15度但收了20度的钱。',        '["https://cdn.example.com/fb/7.jpg"]', 8, 12, '15100000011', 1, 5, '正在核查计费记录，如有误差将全额退款。',       '2024-03-15 16:00:00', NULL),
('FB20240318001', 7,  0, '青山站周边没有卫生间，长时间等待充电很不方便。',              NULL,                                    5, NULL,NULL,         3, 6, '该建议超出平台服务范围，建议联系停车场管理方。','2024-03-18 10:00:00', '2024-03-18 14:00:00'),
('FB20240319001', 4,  2, '扫码充电页面偶尔出现二维码识别失败的问题。',                  NULL,                                    NULL,NULL,'15100000004', 0, NULL,NULL,                                           '2024-03-19 08:30:00', NULL),
('FB20240320001',12,  1, '江夏站JX-FC-001充电枪接口松动，插入后容易脱落。',            '["https://cdn.example.com/fb/10.jpg"]',8, 12, '15100000012', 0, NULL,NULL,                                           '2024-03-20 09:00:00', NULL);

-- ------------------------------------------------------------
-- 11. 公告表 (10条)
-- ------------------------------------------------------------
INSERT INTO `announcement` (`title`, `content`, `admin_id`, `status`, `view_count`, `publish_at`, `expire_at`, `created_at`) VALUES
('平台正式上线公告',         '<p>尊敬的用户，新能源汽车连锁充电站管理平台正式上线，欢迎使用！</p>',                                                    1, 1, 1280, '2024-01-01 08:00:00', NULL,                  '2024-01-01 07:00:00'),
('春节期间充电站营业通知',   '<p>春节期间（2月9日-2月17日），各充电站正常营业，部分站点延长服务时间至24小时。</p>',                                   1, 2,  860, '2024-02-01 10:00:00', '2024-02-18 00:00:00', '2024-02-01 09:00:00'),
('充值优惠活动上线',         '<p>即日起，充值100元赠送10元，充值200元赠送20元，活动截止3月31日。</p>',                                               2, 1,  530, '2024-02-15 09:00:00', '2024-03-31 23:59:59', '2024-02-15 08:00:00'),
('光谷站设备升级维护通知',   '<p>光谷充电站将于3月5日08:00-12:00进行设备升级维护，届时部分充电桩暂停服务，请提前安排充电计划。</p>',                 3, 2,  420, '2024-03-03 10:00:00', '2024-03-05 12:00:00', '2024-03-03 09:00:00'),
('新增武汉东西湖充电站',     '<p>武汉东西湖充电站正式开业，配备10台快充桩，欢迎附近用户前往体验！</p>',                                             1, 1,  760, '2024-03-10 08:00:00', NULL,                  '2024-03-10 07:00:00'),
('系统升级公告',             '<p>平台将于3月15日凌晨02:00-04:00进行系统升级，届时服务暂停，请提前完成充电结算。</p>',                               1, 2,  310, '2024-03-13 10:00:00', '2024-03-15 04:00:00', '2024-03-13 09:00:00'),
('充电价格调整通知',         '<p>受电网政策影响，部分充电站快充单价将于4月1日起调整，详情请查看各站点计费标准。</p>',                               2, 1,  920, '2024-03-20 09:00:00', NULL,                  '2024-03-20 08:00:00'),
('关于提升客服响应速度的通知','<p>为提升用户体验，平台客服响应时间已优化至5分钟内，欢迎随时咨询。</p>',                                              1, 1,  210, '2024-03-22 10:00:00', NULL,                  '2024-03-22 09:00:00'),
('汉南站临时停业通知',       '<p>汉南充电站因场地改造，将于4月1日起临时停业，预计4月30日恢复运营，不便之处敬请谅解。</p>',                          3, 1,  180, '2024-03-25 08:00:00', '2024-04-30 00:00:00', '2024-03-25 07:00:00'),
('五一假期充电优惠活动',     '<p>五一假期（5月1日-5月5日）期间，所有充电站服务费减免50%，欢迎出行充电！</p>',                                       1, 0,    0, NULL,                  '2024-05-05 23:59:59', '2024-03-28 10:00:00');

-- ------------------------------------------------------------
-- 12. 消息通知表 (12条)
-- ------------------------------------------------------------
INSERT INTO `message` (`user_id`, `type`, `title`, `content`, `is_read`, `created_at`, `expire_at`) VALUES
(1,  0, '充电订单已完成',   '您的充电订单 CO20240301001 已完成，本次充电22.5度，消费33.75元。',         1, '2024-03-01 09:06:00', '2024-04-01 09:06:00'),
(1,  1, '充值成功通知',     '您已成功充值100元，赠送10元，账户余额已更新。',                           1, '2024-02-01 10:01:00', '2024-03-01 10:01:00'),
(2,  0, '充电订单已完成',   '您的充电订单 CO20240302001 已完成，本次充电18.2度，消费29.93元。',         1, '2024-03-02 14:46:00', '2024-04-02 14:46:00'),
(3,  2, '故障反馈已处理',   '您提交的反馈 FB20240303001 已处理，处理意见：已联系网点负责人，将于近期完成照明改造。', 0, '2024-03-05 09:00:00', '2024-04-05 09:00:00'),
(4,  0, '充电订单已完成',   '您的充电订单 CO20240305001 已完成，本次充电36度，消费54元。',             1, '2024-03-05 08:31:00', '2024-04-05 08:31:00'),
(5,  0, '充电订单已取消',   '您的充电订单 CO20240306001 已取消。',                                     0, '2024-03-06 18:05:00', '2024-04-06 18:05:00'),
(6,  2, '故障反馈已处理',   '您提交的反馈 FB20240312001 已处理，处理意见：该设备已完成维修，现已恢复正常使用。', 1, '2024-03-14 08:00:00', '2024-04-14 08:00:00'),
(8,  0, '退款申请审核通过', '您的充电订单 CO20240320001 退款申请已审核通过，退款金额27.36元将原路退回。', 0, '2024-03-21 10:00:00', '2024-04-21 10:00:00'),
(9,  3, '公告通知',         '平台发布新公告：新增武汉东西湖充电站，欢迎查看详情。',                   0, '2024-03-10 08:00:00', '2024-04-10 08:00:00'),
(10, 3, '公告通知',         '平台发布新公告：充电价格调整通知，请查看各站点最新计费标准。',           0, '2024-03-20 09:00:00', '2024-04-20 09:00:00'),
(11, 2, '故障反馈处理中',   '您提交的反馈 FB20240315001 正在处理中，处理意见：正在核查计费记录，如有误差将全额退款。', 1, '2024-03-15 17:00:00', '2024-04-15 17:00:00'),
(12, 0, '充电订单已退款',   '您的充电订单 CO20240320001 退款已完成，27.36元已退回您的账户。',          0, '2024-03-21 11:00:00', '2024-04-21 11:00:00');

-- ------------------------------------------------------------
-- 13. 客服聊天记录表 (12条)
-- ------------------------------------------------------------
INSERT INTO `chat_message` (`user_id`, `sender`, `admin_id`, `content`, `msg_type`, `created_at`, `expire_at`) VALUES
(1, 0, NULL, '你好，请问如何充值？',                                                    0, '2024-03-01 07:00:00', '2024-04-01 07:00:00'),
(1, 1, NULL, '您好！充值方法：进入"我的"页面，点击"账户余额"，选择充值金额后完成支付即可。', 0, '2024-03-01 07:00:05', '2024-04-01 07:00:05'),
(1, 0, NULL, '好的，谢谢！',                                                            0, '2024-03-01 07:00:20', '2024-04-01 07:00:20'),
(3, 0, NULL, '充电桩扫码后一直转圈，怎么办？',                                          0, '2024-03-03 09:00:00', '2024-04-03 09:00:00'),
(3, 1, NULL, '您好，请检查网络连接是否正常，或尝试退出重新扫码。如问题持续，可提交故障反馈。', 0, '2024-03-03 09:00:08', '2024-04-03 09:00:08'),
(3, 0, NULL, '我要转人工客服。',                                                        0, '2024-03-03 09:01:00', '2024-04-03 09:01:00'),
(3, 2, 2,    '您好，我是人工客服张伟，请问有什么可以帮您？',                            0, '2024-03-03 09:02:00', '2024-04-03 09:02:00'),
(3, 0, NULL, '我在武昌站扫码一直失败，设备编号WC-FC-001。',                             0, '2024-03-03 09:02:30', '2024-04-03 09:02:30'),
(3, 2, 2,    '好的，我已记录，会立即通知现场人员处理，请稍等片刻。',                    0, '2024-03-03 09:03:00', '2024-04-03 09:03:00'),
(5, 0, NULL, '请问充电费用怎么计算的？',                                                0, '2024-03-06 17:50:00', '2024-04-06 17:50:00'),
(5, 1, NULL, '充电费用 = 充电量(度) × (电费单价 + 服务费单价)，具体单价可在充电桩详情页查看。', 0, '2024-03-06 17:50:06', '2024-04-06 17:50:06'),
(5, 0, NULL, '明白了，谢谢！',                                                          0, '2024-03-06 17:50:30', '2024-04-06 17:50:30');

SET FOREIGN_KEY_CHECKS = 1;
